{"initial_reset_timestamp": 1606552435.4881988, "timestamps": [1606552436.1723702], "episode_lengths": [50], "episode_rewards": [0.0], "episode_types": ["t"]}